Program,instructions,cache-references,cache-misses,branch-instructions,branch-misses,alignment-faults,bpf-output,context-switches,cpu-clock,cpu-migrations,dummy,emulation-faults,major-faults,minor-faults,page-faults,task-clock,duration_time
p0493l00s000259.c,869959,17622,2136,177637,8878,0,0,0,0.46,0,0,0,0,67,67,0.46,736587
p0493l00s000546.c,880938,17235,2157,179440,8738,0,0,0,0.41,0,0,0,0,69,69,0.41,687301
p0493l00s000658.c,861194,16934,1478,176344,8718,0,0,0,0.39,0,0,0,0,67,67,0.39,652092
p0493l00s000243.c,880155,17155,1605,180218,8698,0,0,0,0.40,0,0,0,0,69,69,0.40,643446
p0493l00s000230.c,865029,17091,1381,177276,8690,0,0,0,0.42,0,0,0,0,68,68,0.43,728084
p0493l00s000411.c,881805,17081,2129,180214,8758,0,0,0,0.41,0,0,0,0,69,69,0.41,667331
p0493l00s000398.c,870180,17319,2282,177314,8710,0,0,0,0.41,0,0,0,0,67,67,0.41,669198
p0493l00s000387.c,885010,17444,2163,179110,8828,0,0,0,0.41,0,0,0,0,67,67,0.41,677712
p0493l00s000039.c,860568,16619,1388,176519,8674,0,0,0,0.38,0,0,0,0,67,67,0.38,588996
p0493l00s000528.c,861736,17112,1993,176162,8757,0,0,0,0.40,0,0,0,0,66,66,0.40,678318
p0493l00s000510.c,859278,16941,2031,176045,8693,0,0,0,0.40,0,0,0,0,68,68,0.40,666526
p0493l00s000082.c,867604,17000,1999,177238,8657,0,0,0,0.40,0,0,0,0,67,67,0.40,666810
p0493l00s000368.c,878495,16943,2128,179850,8702,0,0,0,0.41,0,0,0,0,69,69,0.41,686060
p0493l00s000061.c,881647,16978,2076,180243,8697,0,0,0,0.41,0,0,0,0,68,68,0.41,671877
p0493l00s000128.c,861369,17080,2141,176422,8746,0,0,0,0.40,0,0,0,0,67,67,0.41,661180
p0493l00s000163.c,857779,17025,2052,175665,8750,0,0,0,0.40,0,0,0,0,67,67,0.40,674211
p0493l00s000675.c,877062,16984,2073,179712,8712,0,0,0,0.41,0,0,0,0,69,69,0.41,670730
p0493l00s000031.c,868700,17004,2069,178053,8685,0,0,0,0.40,0,0,0,0,67,67,0.41,662463
p0493l00s000080.c,865244,16842,2055,176840,8685,0,0,0,0.40,0,0,0,0,68,68,0.40,693755
p0493l00s000337.c,861371,17094,2103,176489,8738,0,0,0,0.40,0,0,0,0,67,67,0.40,668514
p0493l00s000296.c,840971,16495,2203,172435,8678,0,0,0,0.40,0,0,0,0,64,64,0.40,669808
p0493l00s000444.c,865435,17080,2151,177207,8810,0,0,0,0.41,0,0,0,0,69,69,0.41,669370
p0493l00s000406.c,877544,17037,2208,178112,8732,0,0,0,0.40,0,0,0,0,68,68,0.40,637446
p0493l00s000331.c,859918,16745,1099,176126,8731,0,0,0,0.38,0,0,0,0,68,68,0.38,597056
p0493l00s000570.c,874816,17056,2123,179327,8773,0,0,0,0.41,0,0,0,0,68,68,0.41,690191
p0493l00s000326.c,870374,17185,2217,177354,8733,0,0,0,0.41,0,0,0,0,67,67,0.41,676035
p0493l00s000550.c,870692,16804,2140,178556,8787,0,0,0,0.41,0,0,0,0,70,70,0.41,667673
p0493l00s000194.c,858534,17056,2064,175976,8741,0,0,0,0.40,0,0,0,0,66,66,0.40,661408
p0493l00s000592.c,863371,17047,2064,176905,8685,0,0,0,0.40,0,0,0,0,67,67,0.40,662435
p0493l00s000654.c,870383,17033,2085,178276,8724,0,0,0,0.41,0,0,0,0,68,68,0.41,668387
p0493l00s000370.c,887461,17383,2081,180625,8890,0,0,0,0.42,0,0,0,0,68,68,0.42,691930
p0493l00s000549.c,875357,17222,2163,178205,8751,0,0,0,0.41,0,0,0,0,68,68,0.41,672723
p0493l00s000543.c,873281,17252,2258,177600,8706,0,0,0,0.41,0,0,0,0,67,67,0.41,678887
p0493l00s000012.c,895962,17807,2187,182187,8747,0,0,0,0.42,0,0,0,0,69,69,0.42,693007
p0493l00s000697.c,869685,17149,2082,178264,8778,0,0,0,0.41,0,0,0,0,68,68,0.41,666347
p0493l00s000442.c,871728,17167,2075,177364,8759,0,0,0,0.41,0,0,0,0,66,66,0.41,672402
p0493l00s000601.c,868885,17183,2284,177081,8695,0,0,0,0.41,0,0,0,0,67,67,0.41,677213
p0493l00s000288.c,855945,17182,2365,175333,8807,0,0,0,0.41,0,0,0,0,67,67,0.41,687916
p0493l00s000595.c,864697,17008,2153,177131,8859,0,0,0,0.41,0,0,0,0,68,68,0.41,671481
p0493l00s000563.c,856707,16961,2087,175500,8711,0,0,0,0.40,0,0,0,0,66,66,0.40,674762
p0493l00s000143.c,883448,16686,2120,181258,8639,0,0,0,0.41,0,0,0,0,70,70,0.41,665980
p0493l00s000367.c,872335,17158,2236,177516,8766,0,0,0,0.41,0,0,0,0,67,67,0.41,695746
p0493l00s000270.c,862686,16874,2085,176323,8640,0,0,0,0.40,0,0,0,0,68,68,0.40,666253
p0493l00s000081.c,865046,16997,2197,177165,8863,0,0,0,0.41,0,0,0,0,68,68,0.41,685293
p0493l00s000448.c,858624,17057,2114,175926,8744,0,0,0,0.41,0,0,0,0,68,68,0.41,669955
p0493l00s000362.c,880364,17135,2186,180277,8612,0,0,0,0.41,0,0,0,0,69,69,0.41,674708
p0493l00s000049.c,878546,17011,2061,179989,8706,0,0,0,0.41,0,0,0,0,69,69,0.41,674726
p0493l00s000691.c,871466,16880,2097,178560,8685,0,0,0,0.41,0,0,0,0,68,68,0.41,667513
p0493l00s000309.c,866556,17007,2112,177628,8729,0,0,0,0.43,0,0,0,0,67,67,0.43,704375
p0493l00s000414.c,866680,16953,2127,177024,8611,0,0,0,0.41,0,0,0,0,68,68,0.41,677785
p0493l00s000245.c,896629,17229,2251,182701,8674,0,0,0,0.42,0,0,0,0,70,70,0.42,685384
p0493l00s000092.c,858928,16862,2109,175783,8630,0,0,0,0.41,0,0,0,0,67,67,0.41,664458
p0493l00s000206.c,855653,16973,2040,175196,8764,0,0,0,0.40,0,0,0,0,66,66,0.40,666648
p0493l00s000524.c,873871,17037,2103,179122,8656,0,0,0,0.41,0,0,0,0,69,69,0.41,667041
p0493l00s000431.c,878233,16987,2032,179438,8784,0,0,0,0.41,0,0,0,0,68,68,0.41,673174
p0493l00s000094.c,872796,16958,2268,178808,8680,0,0,0,0.41,0,0,0,0,68,68,0.41,668835
p0493l00s000608.c,864422,17108,2144,176652,8654,0,0,0,0.41,0,0,0,0,67,67,0.41,664717
p0493l00s000300.c,886951,17287,2135,180550,8691,0,0,0,0.42,0,0,0,0,68,68,0.42,689460
p0493l00s000587.c,860858,17057,2084,176443,8738,0,0,0,0.41,0,0,0,0,68,68,0.41,659385
p0493l00s000140.c,863946,16982,2064,176603,8672,0,0,0,0.40,0,0,0,0,66,66,0.41,662037
p0493l00s000221.c,880034,17297,2096,178041,8777,0,0,0,0.41,0,0,0,0,66,66,0.42,687161
p0493l00s000190.c,882997,17416,2311,180514,8758,0,0,0,0.42,0,0,0,0,68,68,0.42,652924
p0493l00s000252.c,873318,17550,2459,177868,8647,0,0,0,0.42,0,0,0,0,66,66,0.42,690694
p0493l00s000656.c,883699,17085,2359,181194,8641,0,0,0,0.41,0,0,0,0,69,69,0.42,675182
p0493l00s000257.c,888413,18538,2532,180942,8978,0,0,0,0.49,0,0,0,0,69,69,0.49,754490
p0493l00s000242.c,875885,17556,2300,178030,8801,0,0,0,0.42,0,0,0,0,67,67,0.42,688627
p0493l00s000663.c,866364,17042,2111,177110,8713,0,0,0,0.41,0,0,0,0,67,67,0.42,699065
p0493l00s000030.c,856053,16745,1922,174860,8641,0,0,0,0.40,0,0,0,0,66,66,0.40,663375
p0493l00s000018.c,880795,16975,2112,179883,8679,0,0,0,0.41,0,0,0,0,69,69,0.41,678044
p0493l00s000043.c,874573,16730,1536,179368,8706,0,0,0,0.40,0,0,0,0,69,69,0.40,656119
p0493l00s000142.c,865076,16893,1627,177222,8692,0,0,0,0.39,0,0,0,0,69,69,0.40,641551
p0493l00s000093.c,858387,17159,2004,175863,8720,0,0,0,0.40,0,0,0,0,67,67,0.40,691315
p0493l00s000348.c,857259,17080,2084,175561,8839,0,0,0,0.39,0,0,0,0,67,67,0.39,623349
p0493l00s000507.c,876011,17530,2220,178148,8747,0,0,0,0.41,0,0,0,0,67,67,0.41,684281
p0493l00s000369.c,883566,17018,2212,180996,8708,0,0,0,0.41,0,0,0,0,70,70,0.41,672721
p0493l00s000449.c,897384,17059,2164,182676,8789,0,0,0,0.42,0,0,0,0,70,70,0.42,701281
p0493l00s000068.c,875085,16785,2192,179181,8725,0,0,0,0.41,0,0,0,0,69,69,0.41,677731
p0493l00s000314.c,873522,16991,2114,178386,8778,0,0,0,0.41,0,0,0,0,68,68,0.41,642999
p0493l00s000132.c,858421,16974,1664,175965,8723,0,0,0,0.39,0,0,0,0,66,66,0.40,625066
p0493l00s000117.c,876686,17077,2131,179714,8644,0,0,0,0.41,0,0,0,0,69,69,0.41,687992
p0493l00s000057.c,863785,17242,2173,176840,8762,0,0,0,0.41,0,0,0,0,68,68,0.41,682241
p0493l00s000308.c,855376,16810,2062,175359,8707,0,0,0,0.41,0,0,0,0,68,68,0.41,675198
p0493l00s000274.c,864887,16836,2121,177392,8645,0,0,0,0.40,0,0,0,0,68,68,0.41,661536
p0493l00s000423.c,854543,17047,2084,174663,8722,0,0,0,0.40,0,0,0,0,67,67,0.40,655788
p0493l00s000613.c,862011,16790,2037,176098,8786,0,0,0,0.40,0,0,0,0,68,68,0.40,664449
p0493l00s000032.c,858646,16870,2024,175949,8616,0,0,0,0.41,0,0,0,0,67,67,0.41,676842
p0493l00s000284.c,864385,16883,2047,177102,8738,0,0,0,0.41,0,0,0,0,69,69,0.41,665482
p0493l00s000119.c,858127,16803,2087,175844,8736,0,0,0,0.41,0,0,0,0,67,67,0.41,670386
p0493l00s000455.c,895293,17170,1968,186117,8699,0,0,0,0.41,0,0,0,0,69,69,0.41,679030
p0493l00s000116.c,854416,16697,2085,175061,8662,0,0,0,0.40,0,0,0,0,67,67,0.41,671905
p0493l00s000071.c,887992,17075,1900,181594,8683,0,0,0,0.41,0,0,0,0,69,69,0.41,668967
p0493l00s000360.c,901267,17459,1405,182972,8825,0,0,0,0.40,0,0,0,0,69,69,0.41,661591
p0493l00s000708.c,861811,16828,2134,175981,8740,0,0,0,0.40,0,0,0,0,67,67,0.40,667450
p0493l00s000103.c,880646,17465,2271,178609,8942,0,0,0,0.42,0,0,0,0,68,68,0.42,697316
p0493l00s000205.c,895996,17292,2238,181947,8756,0,0,0,0.42,0,0,0,0,68,68,0.42,689819
p0493l00s000609.c,874419,16721,2112,179359,8662,0,0,0,0.41,0,0,0,0,69,69,0.41,668948
p0493l00s000651.c,891153,17414,2247,181724,8666,0,0,0,0.42,0,0,0,0,68,68,0.42,688779
p0493l00s000377.c,870339,17089,2068,178217,8762,0,0,0,0.41,0,0,0,0,68,68,0.41,672780
p0493l00s000072.c,882244,17104,2249,180739,8774,0,0,0,0.41,0,0,0,0,69,69,0.41,665133
p0493l00s000033.c,892776,17452,2148,181207,8768,0,0,0,0.42,0,0,0,0,68,68,0.42,695565
p0493l00s000539.c,878043,17005,2185,179467,8628,0,0,0,0.41,0,0,0,0,68,68,0.41,676907
p0493l00s000058.c,879189,16910,2167,180225,8677,0,0,0,0.41,0,0,0,0,69,69,0.41,682888
p0493l00s000226.c,883662,17130,2223,181139,8708,0,0,0,0.41,0,0,0,0,70,70,0.41,688274
p0493l00s000710.c,856350,16957,2298,175419,8777,0,0,0,0.41,0,0,0,0,67,67,0.41,678859
p0493l00s000541.c,860598,16990,2105,175852,8740,0,0,0,0.40,0,0,0,0,67,67,0.41,679824
p0493l00s000276.c,857902,16721,2109,175230,8700,0,0,0,0.40,0,0,0,0,67,67,0.40,664954
p0493l00s000393.c,869548,16825,2026,178289,8599,0,0,0,0.40,0,0,0,0,68,68,0.40,672142
p0493l00s000371.c,868075,16845,2035,178012,8603,0,0,0,0.40,0,0,0,0,68,68,0.40,669774
p0493l00s000150.c,871781,16899,2108,178596,8651,0,0,0,0.41,0,0,0,0,68,68,0.41,665867
p0493l00s000130.c,870727,17107,2386,177430,8583,0,0,0,0.41,0,0,0,0,68,68,0.41,678964
p0493l00s000659.c,871769,16916,2125,178308,8806,0,0,0,0.41,0,0,0,0,69,69,0.41,698641
p0493l00s000480.c,878978,17213,2164,180225,8760,0,0,0,0.41,0,0,0,0,68,68,0.41,696575
p0493l00s000650.c,870027,16934,2115,178328,8726,0,0,0,0.41,0,0,0,0,69,69,0.41,667663
p0493l00s000593.c,848881,17030,2083,174003,8694,0,0,0,0.40,0,0,0,0,66,66,0.40,675647
p0493l00s000535.c,871575,17032,2172,177378,8705,0,0,0,0.41,0,0,0,0,66,66,0.41,687105
p0493l00s000181.c,880020,17907,2290,180279,8810,0,0,0,0.44,0,0,0,0,68,68,0.44,684501
p0493l00s000202.c,860291,16859,1234,176443,8669,0,0,0,0.38,0,0,0,0,68,68,0.38,631820
p0493l00s000692.c,863256,17095,2090,175827,8737,0,0,0,0.41,0,0,0,0,66,66,0.41,659819
p0493l00s000118.c,866357,17071,2013,176962,8674,0,0,0,0.40,0,0,0,0,68,68,0.41,658596
p0493l00s000623.c,867750,17638,2275,177567,8848,0,0,0,0.43,0,0,0,0,68,68,0.43,662997
p0493l00s000159.c,877456,17174,2157,179750,8705,0,0,0,0.45,0,0,0,0,69,69,0.45,757561
p0493l00s000674.c,877155,17200,1309,179669,8814,0,0,0,0.39,0,0,0,0,69,69,0.39,646398
p0493l00s000485.c,878254,16995,2157,180137,8671,0,0,0,0.42,0,0,0,0,69,69,0.42,722307
p0493l00s000328.c,876653,16839,2182,179621,8661,0,0,0,0.41,0,0,0,0,69,69,0.41,674467
p0493l00s000558.c,883601,17181,2148,181225,8759,0,0,0,0.41,0,0,0,0,69,69,0.42,694166
p0493l00s000067.c,862748,17159,1378,176829,8776,0,0,0,0.38,0,0,0,0,67,67,0.39,633026
p0493l00s000141.c,878121,17195,2205,179998,8691,0,0,0,0.40,0,0,0,0,68,68,0.40,630731
p0493l00s000222.c,878948,17294,2152,179553,8678,0,0,0,0.41,0,0,0,0,69,69,0.41,680396
p0493l00s000038.c,863911,16851,2176,176392,8780,0,0,0,0.41,0,0,0,0,68,68,0.41,669877
p0493l00s000527.c,857739,16878,2237,175706,8643,0,0,0,0.41,0,0,0,0,68,68,0.41,677142
p0493l00s000098.c,876152,17236,2036,179573,8729,0,0,0,0.41,0,0,0,0,69,69,0.41,673596
p0493l00s000325.c,876056,16975,2080,178939,8687,0,0,0,0.43,0,0,0,0,68,68,0.43,698492
p0493l00s000599.c,873996,17046,2002,179086,8682,0,0,0,0.41,0,0,0,0,69,69,0.41,673201
p0493l00s000316.c,863247,16920,2112,177016,8832,0,0,0,0.41,0,0,0,0,67,67,0.41,650635
p0493l00s000218.c,878662,17727,1650,178898,8862,0,0,0,0.43,0,0,0,0,68,68,0.43,643151
p0493l00s000470.c,863815,17178,2100,177070,8779,0,0,0,0.41,0,0,0,0,67,67,0.41,681560
p0493l00s000634.c,876414,17218,2254,179556,8691,0,0,0,0.40,0,0,0,0,68,68,0.40,623582
p0493l00s000075.c,876606,17422,2255,177939,8785,0,0,0,0.40,0,0,0,0,67,67,0.40,696071
p0493l00s000575.c,874398,17728,2231,177918,8690,0,0,0,0.41,0,0,0,0,67,67,0.42,689787
p0493l00s000394.c,888001,17842,2394,181761,8907,0,0,0,0.43,0,0,0,0,69,69,0.43,661988
p0493l00s000435.c,861873,17022,2153,176527,8680,0,0,0,0.41,0,0,0,0,67,67,0.41,711850
p0493l00s000263.c,882438,16918,2090,181022,8606,0,0,0,0.41,0,0,0,0,69,69,0.41,681123
p0493l00s000306.c,859820,16895,1102,176304,8741,0,0,0,0.38,0,0,0,0,67,67,0.38,595468
p0493l00s000208.c,887436,17129,431,180680,8732,0,0,0,0.38,0,0,0,0,68,68,0.38,582180
p0493l00s000343.c,871897,17234,1571,177302,8690,0,0,0,0.40,0,0,0,0,67,67,0.40,651954
p0493l00s000677.c,862673,17047,2219,176820,8667,0,0,0,0.43,0,0,0,0,67,67,0.43,716622
p0493l00s000531.c,880770,17144,1948,180570,8736,0,0,0,0.41,0,0,0,0,68,68,0.41,665332
p0493l00s000513.c,869392,16999,2120,178043,8644,0,0,0,0.41,0,0,0,0,68,68,0.41,670549
p0493l00s000559.c,857133,16846,2076,175576,8704,0,0,0,0.40,0,0,0,0,66,66,0.40,661451
p0493l00s000281.c,858541,16751,2104,175949,8681,0,0,0,0.41,0,0,0,0,68,68,0.41,671683
p0493l00s000688.c,880087,17058,1359,180498,8725,0,0,0,0.39,0,0,0,0,69,69,0.39,632063
p0493l00s000506.c,858281,17064,2111,175823,8781,0,0,0,0.41,0,0,0,0,67,67,0.41,674803
p0493l00s000537.c,867412,17280,1357,177741,8675,0,0,0,0.38,0,0,0,0,67,67,0.38,628065
p0493l00s000422.c,863875,17283,1367,176906,8695,0,0,0,0.38,0,0,0,0,68,68,0.38,647521
p0493l00s000339.c,865345,17083,2134,176752,8600,0,0,0,0.41,0,0,0,0,67,67,0.41,671473
p0493l00s000446.c,871752,17184,2120,178521,8750,0,0,0,0.41,0,0,0,0,68,68,0.41,692788
p0493l00s000415.c,857970,17070,2052,175871,8692,0,0,0,0.41,0,0,0,0,67,67,0.41,670051
p0493l00s000584.c,857745,17072,2364,175777,8761,0,0,0,0.41,0,0,0,0,67,67,0.41,683581
p0493l00s000545.c,855724,16829,2098,175331,8704,0,0,0,0.40,0,0,0,0,66,66,0.41,667936
p0493l00s000078.c,875349,17074,2105,179336,8735,0,0,0,0.41,0,0,0,0,68,68,0.41,669189
p0493l00s000272.c,878173,17593,2284,178180,8806,0,0,0,0.42,0,0,0,0,67,67,0.42,711149
p0493l00s000265.c,871830,16897,1348,178647,8695,0,0,0,0.39,0,0,0,0,69,69,0.39,635481
p0493l00s000237.c,870328,17047,2113,178219,8702,0,0,0,0.41,0,0,0,0,68,68,0.41,682343
p0493l00s000023.c,883216,17161,2044,180639,8626,0,0,0,0.41,0,0,0,0,68,68,0.41,667754
p0493l00s000007.c,858110,17232,2077,175807,8660,0,0,0,0.44,0,0,0,0,67,67,0.44,749565
p0493l00s000353.c,879182,17196,2310,178892,8708,0,0,0,0.41,0,0,0,0,68,68,0.42,690651
p0493l00s000277.c,854840,17217,1339,175221,8776,0,0,0,0.38,0,0,0,0,66,66,0.38,630578
p0493l00s000305.c,879238,17057,2081,180188,8824,0,0,0,0.41,0,0,0,0,69,69,0.41,673371
p0493l00s000573.c,874187,16905,1394,179171,8651,0,0,0,0.39,0,0,0,0,69,69,0.39,640271
p0493l00s000683.c,880334,17227,2321,180254,8756,0,0,0,0.42,0,0,0,0,69,69,0.42,680519
p0493l00s000351.c,866512,17159,1270,177538,8733,0,0,0,0.38,0,0,0,0,68,68,0.38,628684
p0493l00s000556.c,884978,17148,2213,181324,8785,0,0,0,0.42,0,0,0,0,70,70,0.42,685721
p0493l00s000416.c,857859,16956,2383,175705,8663,0,0,0,0.41,0,0,0,0,67,67,0.41,751149
p0493l00s000588.c,873047,17353,2253,177428,8827,0,0,0,0.42,0,0,0,0,67,67,0.42,648918
p0493l00s000096.c,861639,16993,2072,175918,8720,0,0,0,0.41,0,0,0,0,67,67,0.41,670667
p0493l00s000027.c,872882,17007,1332,178874,8722,0,0,0,0.38,0,0,0,0,68,68,0.39,637611
p0493l00s000311.c,862212,16936,2115,176662,8719,0,0,0,0.41,0,0,0,0,68,68,0.41,680818
p0493l00s000003.c,864570,16957,2348,176690,8712,0,0,0,0.40,0,0,0,0,67,67,0.40,637932
p0493l00s000216.c,892627,17504,2196,181762,8637,0,0,0,0.41,0,0,0,0,68,68,0.42,695926
p0493l00s000013.c,854827,16953,2123,175171,8725,0,0,0,0.40,0,0,0,0,66,66,0.40,622723
p0493l00s000005.c,859701,16845,1999,176305,8664,0,0,0,0.40,0,0,0,0,67,67,0.40,632847
p0493l00s000464.c,854909,16803,1982,175215,8628,0,0,0,0.40,0,0,0,0,66,66,0.40,635653
p0493l00s000511.c,877365,17321,2383,179747,8671,0,0,0,0.42,0,0,0,0,68,68,0.42,673378
p0493l00s000461.c,860886,17053,2154,176281,8729,0,0,0,0.40,0,0,0,0,67,67,0.40,719171
p0493l00s000432.c,888647,17722,2281,180831,8890,0,0,0,0.43,0,0,0,0,69,69,0.43,701073
p0493l00s000330.c,879156,17202,2072,180314,8676,0,0,0,0.41,0,0,0,0,68,68,0.41,670677
p0493l00s000289.c,859537,17091,2062,176188,8683,0,0,0,0.41,0,0,0,0,66,66,0.41,669440
p0493l00s000285.c,864449,17047,1318,177152,8723,0,0,0,0.38,0,0,0,0,68,68,0.38,628329
p0493l00s000648.c,874776,17035,2138,179104,8753,0,0,0,0.41,0,0,0,0,69,69,0.41,696149
p0493l00s000123.c,878936,16958,1417,180245,8730,0,0,0,0.38,0,0,0,0,68,68,0.39,635191
p0493l00s000433.c,881779,17234,2242,179438,8658,0,0,0,0.41,0,0,0,0,69,69,0.41,692400
p0493l00s000459.c,869457,16817,2060,178264,8550,0,0,0,0.41,0,0,0,0,68,68,0.41,673631
p0493l00s000264.c,861445,17397,2159,176550,8796,0,0,0,0.41,0,0,0,0,66,66,0.41,681405
p0493l00s000533.c,858065,16875,2090,175785,8868,0,0,0,0.41,0,0,0,0,66,66,0.41,5009326
p0493l00s000436.c,881973,17154,1872,180482,8731,0,0,0,0.41,0,0,0,0,69,69,0.41,674572
p0493l00s000315.c,855577,16894,2243,175191,8615,0,0,0,0.41,0,0,0,0,66,66,0.41,672389
p0493l00s000137.c,862430,16988,2130,176748,8653,0,0,0,0.41,0,0,0,0,68,68,0.41,673031
p0493l00s000494.c,895171,17473,1436,181545,8724,0,0,0,0.39,0,0,0,0,69,69,0.39,639542
p0493l00s000598.c,874976,17024,1458,179344,8599,0,0,0,0.39,0,0,0,0,69,69,0.39,631418
p0493l00s000660.c,883947,17256,2443,181117,8658,0,0,0,0.42,0,0,0,0,69,69,0.42,682031
p0493l00s000666.c,880919,16945,2113,180585,8695,0,0,0,0.41,0,0,0,0,69,69,0.41,663386
p0493l00s000629.c,873179,18132,2160,178437,8949,0,0,0,0.46,0,0,0,0,68,68,0.46,731690
p0493l00s000293.c,871829,16924,2154,178611,8640,0,0,0,0.41,0,0,0,0,68,68,0.41,708515
p0493l00s000586.c,859043,16945,2135,176147,8627,0,0,0,0.40,0,0,0,0,66,66,0.40,660433
p0493l00s000009.c,862196,17016,2027,176112,8758,0,0,0,0.41,0,0,0,0,67,67,0.41,675768
p0493l00s000187.c,885743,17110,2129,181014,8758,0,0,0,0.41,0,0,0,0,69,69,0.41,669665
p0493l00s000516.c,880462,17093,2318,180478,8743,0,0,0,0.41,0,0,0,0,69,69,0.41,673745
p0493l00s000297.c,868822,17176,2305,178016,8737,0,0,0,0.41,0,0,0,0,68,68,0.41,686855
p0493l00s000644.c,889998,17070,2112,181162,8827,0,0,0,0.41,0,0,0,0,68,68,0.41,733344
p0493l00s000042.c,884831,16990,2112,180788,8710,0,0,0,0.41,0,0,0,0,69,69,0.41,674573
p0493l00s000707.c,878219,17004,2096,179989,8698,0,0,0,0.41,0,0,0,0,68,68,0.41,668947
p0493l00s000327.c,862781,17200,2180,176181,8792,0,0,0,0.41,0,0,0,0,67,67,0.41,675231
p0493l00s000138.c,859596,16938,2108,176318,8636,0,0,0,0.41,0,0,0,0,67,67,0.41,677060
p0493l00s000700.c,863890,17016,2143,176525,8704,0,0,0,0.41,0,0,0,0,67,67,0.41,674478
p0493l00s000089.c,887061,17210,2380,181269,8682,0,0,0,0.42,0,0,0,0,69,69,0.42,682656
p0493l00s000701.c,863303,17139,2053,176947,8801,0,0,0,0.41,0,0,0,0,67,67,0.41,667111
p0493l00s000568.c,870229,17124,2101,177154,8796,0,0,0,0.41,0,0,0,0,67,67,0.41,684409
p0493l00s000596.c,875138,16996,2117,178195,8810,0,0,0,0.41,0,0,0,0,69,69,0.41,666475
p0493l00s000457.c,873870,16714,2124,178997,8679,0,0,0,0.41,0,0,0,0,68,68,0.41,667236
p0493l00s000484.c,856970,17018,2112,175610,8770,0,0,0,0.41,0,0,0,0,67,67,0.41,670772
p0493l00s000567.c,855231,17257,2164,175175,8705,0,0,0,0.41,0,0,0,0,66,66,0.41,681447
p0493l00s000562.c,860004,17040,2107,175654,8699,0,0,0,0.40,0,0,0,0,66,66,0.40,666219
p0493l00s000466.c,866180,16918,2128,176916,8741,0,0,0,0.41,0,0,0,0,68,68,0.41,669641
p0493l00s000124.c,858884,16952,2065,176085,8752,0,0,0,0.41,0,0,0,0,66,66,0.41,683013
p0493l00s000363.c,882141,16972,2125,180351,8726,0,0,0,0.41,0,0,0,0,68,68,0.41,668856
p0493l00s000530.c,859085,17022,2068,176123,8717,0,0,0,0.40,0,0,0,0,66,66,0.40,664497
p0493l00s000083.c,856286,17004,2112,175410,8650,0,0,0,0.40,0,0,0,0,66,66,0.40,665398
p0493l00s000680.c,860434,17057,2113,176383,8723,0,0,0,0.41,0,0,0,0,67,67,0.41,675090
p0493l00s000526.c,884432,17197,2154,180755,8715,0,0,0,0.41,0,0,0,0,69,69,0.41,672646
p0493l00s000483.c,860865,17114,2194,175780,8754,0,0,0,0.41,0,0,0,0,67,67,0.41,662909
p0493l00s000560.c,891821,17347,2308,181060,8750,0,0,0,0.42,0,0,0,0,68,68,0.42,683747
p0493l00s000715.c,861556,16853,1959,176596,8707,0,0,0,0.41,0,0,0,0,67,67,0.41,668494
p0493l00s000685.c,873719,16862,2132,179068,8676,0,0,0,0.41,0,0,0,0,68,68,0.41,671683
p0493l00s000182.c,875778,16957,2067,179075,8709,0,0,0,0.41,0,0,0,0,68,68,0.41,695242
p0493l00s000376.c,875821,16820,1721,179442,8576,0,0,0,0.40,0,0,0,0,68,68,0.40,666532
p0493l00s000673.c,898120,17427,2281,182795,8767,0,0,0,0.42,0,0,0,0,69,69,0.42,681013
p0493l00s000722.c,877114,17215,1362,179725,8746,0,0,0,0.39,0,0,0,0,68,68,0.39,640880
p0493l00s000262.c,860809,17106,2162,175749,8700,0,0,0,0.41,0,0,0,0,67,67,0.41,665416
p0493l00s000077.c,875395,16858,2056,179350,8716,0,0,0,0.41,0,0,0,0,68,68,0.41,668200
p0493l00s000719.c,874495,17538,1332,178231,8901,0,0,0,0.39,0,0,0,0,67,67,0.39,642507
p0493l00s000500.c,898489,18364,2486,182911,8946,0,0,0,0.47,0,0,0,0,68,68,0.47,710411
p0493l00s000283.c,860001,16919,2075,176311,8775,0,0,0,0.41,0,0,0,0,67,67,0.41,671886
p0493l00s000248.c,860160,17234,2268,175651,8665,0,0,0,0.41,0,0,0,0,66,66,0.41,641913
p0493l00s000639.c,861530,16933,2117,176566,8823,0,0,0,0.41,0,0,0,0,67,67,0.43,708561
p0493l00s000295.c,879112,16679,1036,180287,8733,0,0,0,0.39,0,0,0,0,69,69,0.39,591164
p0493l00s000453.c,860085,16844,2089,176292,8772,0,0,0,0.41,0,0,0,0,67,67,0.41,665884
p0493l00s000320.c,868189,17005,2176,177954,8747,0,0,0,0.41,0,0,0,0,69,69,0.41,681553
p0493l00s000716.c,874826,17039,2304,178714,8706,0,0,0,0.41,0,0,0,0,68,68,0.41,686750
p0493l00s000647.c,872018,16878,2136,178610,8653,0,0,0,0.41,0,0,0,0,68,68,0.41,674600
p0493l00s000625.c,875095,16943,2142,179391,8717,0,0,0,0.41,0,0,0,0,69,69,0.41,665868
p0493l00s000223.c,870658,16756,2065,178352,8623,0,0,0,0.41,0,0,0,0,68,68,0.41,670525
p0493l00s000652.c,861269,17062,1380,176369,8763,0,0,0,0.39,0,0,0,0,67,67,0.39,622319
p0493l00s000505.c,883749,16981,2097,180190,8771,0,0,0,0.41,0,0,0,0,68,68,0.41,671530
p0493l00s000174.c,874812,17317,2214,178057,8654,0,0,0,0.41,0,0,0,0,68,68,0.41,680796
p0493l00s000479.c,859919,17291,2275,176155,8671,0,0,0,0.41,0,0,0,0,67,67,0.41,680090
p0493l00s000378.c,864097,17014,1760,176949,8612,0,0,0,0.41,0,0,0,0,67,67,0.41,667744
p0493l00s000055.c,885470,16953,2172,181490,8686,0,0,0,0.41,0,0,0,0,70,70,0.41,693134
p0493l00s000365.c,863752,16669,2134,177003,8735,0,0,0,0.41,0,0,0,0,68,68,0.41,679455
p0493l00s000006.c,890097,17235,2222,181124,8720,0,0,0,0.42,0,0,0,0,68,68,0.42,679044
p0493l00s000471.c,876560,16963,2332,179754,8679,0,0,0,0.41,0,0,0,0,69,69,0.41,687580
p0493l00s000291.c,860586,17028,2331,176361,8592,0,0,0,0.41,0,0,0,0,67,67,0.41,670602
p0493l00s000333.c,859402,17019,2076,176249,8771,0,0,0,0.41,0,0,0,0,66,66,0.41,665297
p0493l00s000552.c,862299,17231,2096,176713,8703,0,0,0,0.40,0,0,0,0,68,68,0.41,669491
p0493l00s000151.c,876375,16937,2134,179621,8611,0,0,0,0.41,0,0,0,0,68,68,0.41,672184
p0493l00s000229.c,875254,17023,2034,178793,8654,0,0,0,0.41,0,0,0,0,69,69,0.41,678227
p0493l00s000122.c,865467,16988,2057,176801,8682,0,0,0,0.41,0,0,0,0,67,67,0.41,673532
p0493l00s000717.c,878264,17320,2387,180063,8738,0,0,0,0.42,0,0,0,0,69,69,0.42,681409
p0493l00s000063.c,860897,17010,2082,175858,8683,0,0,0,0.40,0,0,0,0,66,66,0.40,674237
p0493l00s000474.c,859113,17125,2034,176105,8678,0,0,0,0.40,0,0,0,0,66,66,0.40,680135
p0493l00s000607.c,884317,17224,2288,180017,8709,0,0,0,0.42,0,0,0,0,68,68,0.42,686036
p0493l00s000017.c,861997,17230,2095,176582,8765,0,0,0,0.41,0,0,0,0,68,68,0.41,676395
p0493l00s000402.c,872678,17219,2272,178805,8673,0,0,0,0.45,0,0,0,0,69,69,0.45,790065
p0493l00s000641.c,879941,16868,2390,180372,8736,0,0,0,0.41,0,0,0,0,69,69,0.41,708461
p0493l00s000403.c,871516,16923,2054,178527,8613,0,0,0,0.41,0,0,0,0,68,68,0.41,668843
p0493l00s000227.c,873619,16855,2180,178927,8653,0,0,0,0.44,0,0,0,0,70,70,0.44,708985
p0493l00s000076.c,872728,16941,2169,178619,8686,0,0,0,0.41,0,0,0,0,69,69,0.41,678070
p0493l00s000544.c,877964,17137,2136,179833,8639,0,0,0,0.41,0,0,0,0,69,69,0.41,673823
p0493l00s000525.c,876879,16928,2144,179676,8649,0,0,0,0.41,0,0,0,0,68,68,0.41,674863
p0493l00s000301.c,857891,16857,2248,175768,8681,0,0,0,0.40,0,0,0,0,67,67,0.41,668106
p0493l00s000304.c,879119,17138,1849,180083,8631,0,0,0,0.41,0,0,0,0,69,69,0.41,668648
p0493l00s000426.c,867296,16985,2100,177241,8698,0,0,0,0.41,0,0,0,0,68,68,0.41,681610
p0493l00s000421.c,864494,16914,2328,175903,8734,0,0,0,0.41,0,0,0,0,68,68,0.41,674620
p0493l00s000244.c,862166,16929,2144,176625,8713,0,0,0,0.41,0,0,0,0,68,68,0.41,670871
p0493l00s000488.c,862123,16955,2099,176752,8853,0,0,0,0.41,0,0,0,0,67,67,0.41,667256
p0493l00s000338.c,863821,16929,2090,176962,8778,0,0,0,0.41,0,0,0,0,69,69,0.41,674429
p0493l00s000271.c,869264,16955,2121,178050,8749,0,0,0,0.41,0,0,0,0,68,68,0.41,668071
p0493l00s000186.c,880470,16903,2164,179841,8754,0,0,0,0.41,0,0,0,0,69,69,0.41,677870
p0493l00s000661.c,871100,17403,2150,177250,8661,0,0,0,0.41,0,0,0,0,66,66,0.41,668723
p0493l00s000070.c,895076,17348,2140,182211,8739,0,0,0,0.42,0,0,0,0,69,69,0.42,683858
p0493l00s000384.c,872152,17015,2126,178708,8603,0,0,0,0.41,0,0,0,0,68,68,0.41,668988
p0493l00s000418.c,857989,17140,2108,175778,8780,0,0,0,0.41,0,0,0,0,66,66,0.41,665463
p0493l00s000617.c,880721,16997,2205,180427,8685,0,0,0,0.41,0,0,0,0,69,69,0.41,680489
p0493l00s000267.c,878841,17021,2158,179887,8672,0,0,0,0.41,0,0,0,0,69,69,0.41,686924
p0493l00s000156.c,888147,17220,1824,180981,8881,0,0,0,0.41,0,0,0,0,68,68,0.41,656768
p0493l00s000456.c,877801,17132,2117,179814,8706,0,0,0,0.41,0,0,0,0,69,69,0.41,679703
p0493l00s000114.c,884915,17163,2276,180275,8673,0,0,0,0.42,0,0,0,0,69,69,0.42,683420
p0493l00s000359.c,860034,16612,2168,176171,8743,0,0,0,0.40,0,0,0,0,68,68,0.41,682894
p0493l00s000126.c,855960,16910,2114,174874,8630,0,0,0,0.40,0,0,0,0,66,66,0.40,668123
p0493l00s000298.c,863327,17082,2102,176903,8816,0,0,0,0.41,0,0,0,0,68,68,0.41,670943
p0493l00s000340.c,856203,17011,2097,175406,8736,0,0,0,0.41,0,0,0,0,66,66,0.41,676281
p0493l00s000635.c,857369,16881,2126,175711,8736,0,0,0,0.41,0,0,0,0,66,66,0.41,667644
p0493l00s000323.c,860693,17125,2101,176356,8816,0,0,0,0.41,0,0,0,0,67,67,0.41,679831
p0493l00s000649.c,854018,16923,2082,175092,8758,0,0,0,0.41,0,0,0,0,67,67,0.41,666954
p0493l00s000173.c,858038,16882,2080,175811,8763,0,0,0,0.40,0,0,0,0,67,67,0.40,675122
p0493l00s000158.c,866601,17253,2109,177644,8642,0,0,0,0.41,0,0,0,0,68,68,0.41,670068
p0493l00s000475.c,862335,17070,2255,176653,8705,0,0,0,0.41,0,0,0,0,68,68,0.41,671345
p0493l00s000417.c,874533,17070,1994,179069,8739,0,0,0,0.41,0,0,0,0,69,69,0.41,668229
p0493l00s000154.c,880850,17183,2247,180366,8711,0,0,0,0.41,0,0,0,0,69,69,0.41,685802
p0493l00s000610.c,882496,16982,2071,180836,8777,0,0,0,0.41,0,0,0,0,70,70,0.41,675121
p0493l00s000501.c,873640,17022,1517,178988,8677,0,0,0,0.40,0,0,0,0,68,68,0.40,648804
p0493l00s000224.c,860825,16866,2065,175848,8710,0,0,0,0.39,0,0,0,0,66,66,0.39,613335
p0493l00s000239.c,2711019,55610,29078,496901,9860,0,0,0,1.53,0,0,0,0,605,605,1.53,1798342
p0493l00s000503.c,873742,16932,2164,178950,8772,0,0,0,0.41,0,0,0,0,69,69,0.41,678033
p0493l00s000041.c,858188,16856,1095,175369,8655,0,0,0,0.38,0,0,0,0,67,67,0.38,599652
p0493l00s000149.c,874208,17023,2116,179164,8764,0,0,0,0.41,0,0,0,0,68,68,0.41,677096
p0493l00s000476.c,864701,16664,2075,177173,8700,0,0,0,0.41,0,0,0,0,69,69,0.41,672475
p0493l00s000011.c,883815,17007,2289,180657,8642,0,0,0,0.41,0,0,0,0,69,69,0.41,682276
p0493l00s000671.c,858039,16817,1993,175289,8577,0,0,0,0.40,0,0,0,0,67,67,0.40,667707
p0493l00s000060.c,890314,17391,2095,181325,8775,0,0,0,0.42,0,0,0,0,68,68,0.42,704707
p0493l00s000254.c,891045,17587,2428,181294,8740,0,0,0,0.42,0,0,0,0,69,69,0.42,685275
p0493l00s000157.c,871677,17137,2152,178588,8719,0,0,0,0.41,0,0,0,0,68,68,0.41,694208
p0493l00s000430.c,871781,16943,2138,178623,8631,0,0,0,0.41,0,0,0,0,68,68,0.41,669269
p0493l00s000689.c,873093,16732,2058,178296,8629,0,0,0,0.41,0,0,0,0,68,68,0.41,662715
p0493l00s000447.c,878506,17083,1097,178858,8675,0,0,0,0.39,0,0,0,0,68,68,0.39,609218
p0493l00s000636.c,857208,16971,2205,175651,8662,0,0,0,0.40,0,0,0,0,67,67,0.40,657679
p0493l00s000622.c,883871,16928,2139,181269,8677,0,0,0,0.41,0,0,0,0,70,70,0.41,687165
p0493l00s000694.c,867466,16837,2111,177605,8712,0,0,0,0.41,0,0,0,0,69,69,0.41,659755
p0493l00s000212.c,872605,16889,2078,178855,8671,0,0,0,0.41,0,0,0,0,68,68,0.41,670137
p0493l00s000655.c,858223,17027,2172,175686,8678,0,0,0,0.40,0,0,0,0,67,67,0.40,665280
p0493l00s000085.c,868178,16971,2107,177332,8815,0,0,0,0.41,0,0,0,0,68,68,0.41,664361
p0493l00s000509.c,870154,16924,2172,177533,8717,0,0,0,0.41,0,0,0,0,68,68,0.41,681877
p0493l00s000721.c,855282,16938,2164,175216,8767,0,0,0,0.41,0,0,0,0,66,66,0.41,680364
p0493l00s000611.c,878312,17256,2052,179707,8618,0,0,0,0.41,0,0,0,0,69,69,0.41,667470
p0493l00s000620.c,862668,16972,2273,176646,8675,0,0,0,0.41,0,0,0,0,67,67,0.41,668189
p0493l00s000213.c,859478,17014,2155,176136,8722,0,0,0,0.39,0,0,0,0,67,67,0.39,621650
p0493l00s000279.c,894245,17146,2255,182458,8643,0,0,0,0.42,0,0,0,0,70,70,0.42,679448
p0493l00s000667.c,862413,17037,2101,176875,8653,0,0,0,0.41,0,0,0,0,68,68,0.41,672061
p0493l00s000664.c,860374,17168,2091,176263,8693,0,0,0,0.41,0,0,0,0,67,67,0.41,668689
p0493l00s000048.c,856647,17015,1124,175436,8750,0,0,0,0.38,0,0,0,0,66,66,0.38,589049
p0493l00s000638.c,855390,17038,2112,175238,8662,0,0,0,0.41,0,0,0,0,66,66,0.41,670139
p0493l00s000161.c,858150,16836,982,175950,8773,0,0,0,0.38,0,0,0,0,66,66,0.38,609990
p0493l00s000665.c,884818,17238,1424,180865,8772,0,0,0,0.39,0,0,0,0,70,70,0.39,643887
p0493l00s000462.c,871196,17971,2437,178389,8870,0,0,0,0.45,0,0,0,0,69,69,0.45,685951
p0493l00s000619.c,863095,17171,2039,175753,8657,0,0,0,0.41,0,0,0,0,66,66,0.41,683442
p0493l00s000439.c,871912,17301,2195,177132,8710,0,0,0,0.41,0,0,0,0,67,67,0.41,678193
p0493l00s000618.c,890583,17491,2091,180585,8758,0,0,0,0.43,0,0,0,0,68,68,0.43,719099
p0493l00s000109.c,875990,17132,2192,179358,8733,0,0,0,0.45,0,0,0,0,69,69,0.45,761220
p0493l00s000709.c,863751,17042,2042,177080,8664,0,0,0,0.41,0,0,0,0,68,68,0.41,673189
p0493l00s000336.c,865881,16883,2147,177347,8742,0,0,0,0.41,0,0,0,0,68,68,0.41,687378
p0493l00s000465.c,862749,16965,2082,176874,8754,0,0,0,0.41,0,0,0,0,68,68,0.41,671896
p0493l00s000381.c,873029,16839,2290,178879,8685,0,0,0,0.41,0,0,0,0,69,69,0.41,672028
p0493l00s000380.c,868155,16916,2163,177836,8700,0,0,0,0.41,0,0,0,0,69,69,0.41,679984
p0493l00s000388.c,892543,17254,2217,181893,8781,0,0,0,0.42,0,0,0,0,70,70,0.42,683024
p0493l00s000434.c,854179,16803,2056,175035,8627,0,0,0,0.40,0,0,0,0,66,66,0.40,661654
p0493l00s000612.c,859818,17238,2071,175187,8713,0,0,0,0.41,0,0,0,0,66,66,0.41,675495
p0493l00s000352.c,878195,17290,2299,180057,8746,0,0,0,0.41,0,0,0,0,68,68,0.41,675009
p0493l00s000294.c,879420,16850,2111,180245,8637,0,0,0,0.41,0,0,0,0,68,68,0.41,681993
p0493l00s000396.c,867055,16907,2124,177184,8722,0,0,0,0.40,0,0,0,0,68,68,0.40,663527
p0493l00s000135.c,892258,17583,2258,181484,8748,0,0,0,0.42,0,0,0,0,69,69,0.42,685406
p0493l00s000228.c,859301,17287,2120,176120,8689,0,0,0,0.41,0,0,0,0,66,66,0.41,678781
p0493l00s000374.c,867400,17972,2292,176608,8874,0,0,0,0.44,0,0,0,0,66,66,0.44,673980
p0493l00s000287.c,872514,17599,2223,177597,8705,0,0,0,0.41,0,0,0,0,66,66,0.41,680217
p0493l00s000040.c,880287,17057,2256,180438,8785,0,0,0,0.42,0,0,0,0,70,70,0.42,691142
p0493l00s000386.c,860807,16886,2182,176471,8674,0,0,0,0.40,0,0,0,0,67,67,0.40,664772
p0493l00s000332.c,874419,17496,2184,177847,8701,0,0,0,0.41,0,0,0,0,67,67,0.41,690488
p0493l00s000653.c,861607,16933,2181,176662,8687,0,0,0,0.41,0,0,0,0,67,67,0.41,669588
p0493l00s000189.c,880067,17000,2200,179859,8693,0,0,0,0.41,0,0,0,0,69,69,0.41,670703
p0493l00s000127.c,876128,17424,2263,178118,8762,0,0,0,0.42,0,0,0,0,67,67,0.42,672883
p0493l00s000120.c,878928,17157,2145,180083,8729,0,0,0,0.41,0,0,0,0,69,69,0.41,681914
p0493l00s000236.c,886746,17377,2301,180254,8871,0,0,0,0.42,0,0,0,0,68,68,0.42,680703
p0493l00s000091.c,866843,17150,1509,177767,8553,0,0,0,0.40,0,0,0,0,68,68,0.40,660078
p0493l00s000489.c,878950,17039,1472,180015,8680,0,0,0,0.39,0,0,0,0,69,69,0.39,638604
p0493l00s000696.c,862145,17113,2140,176576,8744,0,0,0,0.41,0,0,0,0,68,68,0.41,681428
p0493l00s000153.c,876464,17207,1985,179642,8717,0,0,0,0.41,0,0,0,0,69,69,0.41,666444
p0493l00s000095.c,860800,17020,2140,176445,8799,0,0,0,0.41,0,0,0,0,67,67,0.41,681376
p0493l00s000008.c,872158,16932,2097,178682,8646,0,0,0,0.41,0,0,0,0,69,69,0.41,689192
p0493l00s000515.c,863360,16654,2079,176979,8752,0,0,0,0.41,0,0,0,0,69,69,0.41,658884
p0493l00s000086.c,865296,16904,2063,177341,8724,0,0,0,0.41,0,0,0,0,69,69,0.41,670437
p0493l00s000054.c,870369,17285,2144,177745,8762,0,0,0,0.45,0,0,0,0,68,68,0.45,742212
p0493l00s000175.c,889139,17370,2347,180840,8815,0,0,0,0.42,0,0,0,0,68,68,0.42,697371
p0493l00s000589.c,898372,17935,1611,182474,8943,0,0,0,0.43,0,0,0,0,68,68,0.43,657778
p0493l00s000152.c,856154,16957,2064,175371,8765,0,0,0,0.40,0,0,0,0,66,66,0.40,661490
p0493l00s000019.c,896385,17197,2296,182484,8669,0,0,0,0.42,0,0,0,0,69,69,0.42,693524
p0493l00s000496.c,891666,17808,2144,181499,8778,0,0,0,0.42,0,0,0,0,68,68,0.42,690294
p0493l00s000486.c,860256,17314,2445,176143,8751,0,0,0,0.41,0,0,0,0,67,67,0.41,682411
p0493l00s000179.c,863160,17113,2242,176264,8787,0,0,0,0.41,0,0,0,0,67,67,0.41,678594
p0493l00s000706.c,862659,17142,2134,176726,8644,0,0,0,0.41,0,0,0,0,67,67,0.41,680283
p0493l00s000203.c,867835,17084,2011,177850,8755,0,0,0,0.41,0,0,0,0,69,69,0.41,661718
p0493l00s000502.c,855130,17018,2098,175183,8646,0,0,0,0.40,0,0,0,0,66,66,0.41,670893
p0493l00s000443.c,875140,16957,2095,179443,8676,0,0,0,0.41,0,0,0,0,69,69,0.41,686167
p0493l00s000079.c,857959,16836,2226,175817,8703,0,0,0,0.41,0,0,0,0,67,67,0.41,686254
p0493l00s000519.c,879624,16914,2130,179824,8641,0,0,0,0.41,0,0,0,0,69,69,0.41,700663
p0493l00s000687.c,875723,16860,2066,179435,8725,0,0,0,0.41,0,0,0,0,68,68,0.41,669947
p0493l00s000624.c,858716,17043,2186,175838,8601,0,0,0,0.41,0,0,0,0,67,67,0.41,677883
p0493l00s000590.c,858178,16922,2144,174752,8755,0,0,0,0.41,0,0,0,0,67,67,0.41,673401
p0493l00s000145.c,874854,17177,2330,178200,8704,0,0,0,0.41,0,0,0,0,67,67,0.42,677938
p0493l00s000594.c,870907,17363,2118,178409,8746,0,0,0,0.41,0,0,0,0,68,68,0.41,668172
p0493l00s000379.c,870751,16799,2062,178478,8689,0,0,0,0.44,0,0,0,0,69,69,0.44,738314
p0493l00s000410.c,860043,17110,1987,175984,8793,0,0,0,0.41,0,0,0,0,67,67,0.41,642162
p0493l00s000713.c,860070,16914,2030,176289,8714,0,0,0,0.40,0,0,0,0,67,67,0.40,640990
p0493l00s000565.c,881056,16997,1598,180445,8627,0,0,0,0.40,0,0,0,0,70,70,0.40,625163
p0493l00s000253.c,868913,16839,1999,178249,8715,0,0,0,0.41,0,0,0,0,69,69,0.41,671825
p0493l00s000499.c,865734,16975,2187,177379,8660,0,0,0,0.41,0,0,0,0,68,68,0.41,665577
p0493l00s000357.c,872663,17165,2132,178231,8741,0,0,0,0.41,0,0,0,0,69,69,0.41,678096
p0493l00s000678.c,858547,17154,2168,175736,8778,0,0,0,0.41,0,0,0,0,67,67,0.41,680540
p0493l00s000193.c,879385,17127,2114,180213,8725,0,0,0,0.41,0,0,0,0,69,69,0.41,686392
p0493l00s000401.c,871746,17126,2377,178543,8749,0,0,0,0.41,0,0,0,0,68,68,0.41,719026
p0493l00s000292.c,874697,16883,2415,179304,8758,0,0,0,0.42,0,0,0,0,69,69,0.42,671446
p0493l00s000235.c,872859,17175,2124,178879,8708,0,0,0,0.41,0,0,0,0,68,68,0.41,682678
p0493l00s000705.c,879924,17323,2418,180374,8854,0,0,0,0.42,0,0,0,0,69,69,0.42,688425
p0493l00s000508.c,859437,16783,2175,176036,8712,0,0,0,0.41,0,0,0,0,68,68,0.41,666971
p0493l00s000632.c,866795,16951,2105,177074,8733,0,0,0,0.41,0,0,0,0,67,67,0.41,668729
p0493l00s000699.c,861096,17127,2105,176571,8645,0,0,0,0.41,0,0,0,0,67,67,0.41,669351
p0493l00s000056.c,876621,17003,2136,179585,8608,0,0,0,0.41,0,0,0,0,69,69,0.41,691905
p0493l00s000399.c,878001,17244,1299,179474,8801,0,0,0,0.39,0,0,0,0,68,68,0.39,638444
p0493l00s000065.c,873491,17321,2085,177733,8810,0,0,0,0.41,0,0,0,0,66,66,0.41,682761
p0493l00s000025.c,858904,17218,2198,175990,8758,0,0,0,0.41,0,0,0,0,67,67,0.41,673019
p0493l00s000250.c,861802,16889,2023,175551,8696,0,0,0,0.40,0,0,0,0,67,67,0.40,674371
p0493l00s000066.c,877626,16951,1454,179884,8606,0,0,0,0.40,0,0,0,0,70,70,0.40,652152
p0493l00s000468.c,866240,17061,2234,177558,8687,0,0,0,0.41,0,0,0,0,67,67,0.41,677290
p0493l00s000493.c,874628,17401,2244,177384,8856,0,0,0,0.42,0,0,0,0,67,67,0.42,685592
p0493l00s000177.c,858683,16921,2077,175870,8766,0,0,0,0.40,0,0,0,0,67,67,0.40,663709
p0493l00s000172.c,880012,16822,2093,180454,8776,0,0,0,0.41,0,0,0,0,69,69,0.41,669328
p0493l00s000547.c,863132,16975,2100,176371,8683,0,0,0,0.41,0,0,0,0,67,67,0.41,670890
p0493l00s000024.c,900787,17428,2321,182825,8816,0,0,0,0.42,0,0,0,0,69,69,0.42,688061
p0493l00s000548.c,879286,16997,2031,180175,8708,0,0,0,0.41,0,0,0,0,69,69,0.41,672123
p0493l00s000561.c,895471,17504,2255,182145,8637,0,0,0,0.42,0,0,0,0,69,69,0.42,690040
p0493l00s000184.c,864660,17006,2065,177177,8691,0,0,0,0.41,0,0,0,0,68,68,0.41,678949
p0493l00s000046.c,874808,16998,2182,179174,8626,0,0,0,0.41,0,0,0,0,68,68,0.41,664110
p0493l00s000521.c,879583,16827,2217,179703,8685,0,0,0,0.41,0,0,0,0,69,69,0.41,665959
p0493l00s000517.c,866975,17100,2406,177701,8791,0,0,0,0.40,0,0,0,0,69,69,0.40,627081
p0493l00s000139.c,858035,17160,2210,175717,8726,0,0,0,0.41,0,0,0,0,67,67,0.41,660503
p0493l00s000397.c,857130,16914,2084,175594,8669,0,0,0,0.41,0,0,0,0,66,66,0.41,673378
p0493l00s000569.c,857618,16916,2068,175233,8653,0,0,0,0.40,0,0,0,0,66,66,0.40,665443
p0493l00s000712.c,849641,16901,2207,174161,8749,0,0,0,0.40,0,0,0,0,66,66,0.40,672326
p0493l00s000178.c,873384,17058,2029,178865,8684,0,0,0,0.41,0,0,0,0,69,69,0.41,666295
p0493l00s000681.c,867530,17127,2157,177304,8765,0,0,0,0.41,0,0,0,0,68,68,0.41,680851
p0493l00s000523.c,877804,17836,2302,179861,8823,0,0,0,0.46,0,0,0,0,68,68,0.46,692118
p0493l00s000407.c,876411,17185,2073,179530,8709,0,0,0,0.41,0,0,0,0,68,68,0.41,675232
p0493l00s000495.c,865539,17104,2096,176286,8762,0,0,0,0.41,0,0,0,0,67,67,0.41,667525
p0493l00s000240.c,874747,17427,2154,178070,8719,0,0,0,0.41,0,0,0,0,66,66,0.41,674799
p0493l00s000209.c,861051,17079,2136,175851,8729,0,0,0,0.41,0,0,0,0,67,67,0.41,679806
p0493l00s000073.c,888447,17242,2152,180354,8617,0,0,0,0.42,0,0,0,0,68,68,0.42,693173
p0493l00s000350.c,860521,17158,2151,175787,8711,0,0,0,0.41,0,0,0,0,67,67,0.41,671520
p0493l00s000576.c,864274,16919,2091,176584,8677,0,0,0,0.40,0,0,0,0,68,68,0.40,731634
p0493l00s000303.c,876103,17149,2058,179130,8746,0,0,0,0.41,0,0,0,0,69,69,0.41,684175
p0493l00s000581.c,865746,17818,1529,177204,8961,0,0,0,0.41,0,0,0,0,68,68,0.41,636615
p0493l00s000440.c,895727,17392,2270,182471,8711,0,0,0,0.42,0,0,0,0,68,68,0.42,693324
p0493l00s000356.c,888824,17195,2157,181715,8798,0,0,0,0.40,0,0,0,0,70,70,0.40,641729
p0493l00s000686.c,860706,16816,2012,176451,8636,0,0,0,0.40,0,0,0,0,66,66,0.40,673729
p0493l00s000364.c,879506,16839,2121,180269,8743,0,0,0,0.41,0,0,0,0,69,69,0.41,682334
p0493l00s000520.c,893597,18274,1594,181833,8919,0,0,0,0.43,0,0,0,0,68,68,0.43,658036
p0493l00s000241.c,866483,17027,2065,177688,8810,0,0,0,0.41,0,0,0,0,68,68,0.41,699849
p0493l00s000106.c,875319,16803,2146,179351,8697,0,0,0,0.41,0,0,0,0,68,68,0.41,685197
p0493l00s000160.c,864325,17147,2132,177063,8735,0,0,0,0.41,0,0,0,0,67,67,0.41,695362
p0493l00s000100.c,880992,18794,2402,180037,9185,0,0,1,0.50,0,0,0,0,68,68,0.50,774127
p0493l00s000255.c,878539,17097,2116,180094,8729,0,0,0,0.41,0,0,0,0,69,69,0.41,673619
p0493l00s000329.c,858148,16788,2057,175334,8560,0,0,0,0.40,0,0,0,0,66,66,0.40,669180
p0493l00s000219.c,855792,17081,2132,175346,8696,0,0,0,0.41,0,0,0,0,66,66,0.41,657342
p0493l00s000498.c,865001,16996,2226,177177,8700,0,0,0,0.41,0,0,0,0,67,67,0.41,664137
p0493l00s000358.c,875753,17408,2219,177960,8754,0,0,0,0.41,0,0,0,0,67,67,0.42,691602
p0493l00s000615.c,859831,16975,2143,175612,8729,0,0,0,0.41,0,0,0,0,67,67,0.41,656780
p0493l00s000704.c,871588,16901,2065,178582,8638,0,0,0,0.41,0,0,0,0,68,68,0.41,667056
p0493l00s000268.c,863649,16982,2171,176927,8775,0,0,0,0.41,0,0,0,0,68,68,0.41,677923
p0493l00s000627.c,866219,16812,2031,177535,8745,0,0,0,0.41,0,0,0,0,67,67,0.41,677230
p0493l00s000428.c,880613,16968,1974,180130,8666,0,0,0,0.41,0,0,0,0,68,68,0.41,667209
p0493l00s000574.c,877446,16855,2119,179752,8790,0,0,0,0.41,0,0,0,0,69,69,0.41,674575
p0493l00s000232.c,857606,17203,2047,175613,8821,0,0,0,0.40,0,0,0,0,67,67,0.40,664292
p0493l00s000529.c,877662,17019,1619,179916,8599,0,0,0,0.40,0,0,0,0,68,68,0.40,646015
p0493l00s000147.c,876802,16679,2084,179180,8726,0,0,0,0.41,0,0,0,0,68,68,0.41,715551
p0493l00s000536.c,871062,17078,2118,178456,8691,0,0,0,0.41,0,0,0,0,68,68,0.41,682762
p0493l00s000425.c,878956,17028,2213,179985,8840,0,0,0,0.41,0,0,0,0,69,69,0.41,689454
p0493l00s000400.c,878433,17280,2245,178897,8875,0,0,0,0.42,0,0,0,0,68,68,0.42,670357
p0493l00s000572.c,871296,17351,2346,177046,8782,0,0,0,0.42,0,0,0,0,66,66,0.42,671134
p0493l00s000010.c,859349,17146,2070,175465,8681,0,0,0,0.40,0,0,0,0,66,66,0.40,665060
p0493l00s000269.c,881655,16810,2093,180889,8723,0,0,0,0.41,0,0,0,0,70,70,0.41,663032
p0493l00s000185.c,894994,17422,2243,181948,8736,0,0,0,0.42,0,0,0,0,69,69,0.42,689501
p0493l00s000582.c,877452,18048,2124,179081,8917,0,0,0,0.47,0,0,0,0,68,68,0.47,726158
p0493l00s000385.c,863809,17179,2136,176544,8736,0,0,0,0.41,0,0,0,0,67,67,0.41,667643
p0493l00s000050.c,855854,16942,2017,175382,8722,0,0,0,0.40,0,0,0,0,67,67,0.40,682246
p0493l00s000389.c,861435,16997,2208,176524,8620,0,0,0,0.40,0,0,0,0,67,67,0.41,666431
p0493l00s000029.c,881863,17524,2159,179493,8778,0,0,0,0.42,0,0,0,0,69,69,0.42,686029
p0493l00s000602.c,863227,17093,1293,176877,8668,0,0,0,0.39,0,0,0,0,69,69,0.39,645276
p0493l00s000382.c,879757,17173,2219,179785,8627,0,0,0,0.41,0,0,0,0,69,69,0.41,692387
p0493l00s000321.c,865107,17080,1889,177238,8759,0,0,0,0.40,0,0,0,0,68,68,0.40,666035
p0493l00s000074.c,863246,16899,2083,176960,8694,0,0,0,0.40,0,0,0,0,68,68,0.40,664550
p0493l00s000037.c,855752,16911,2129,175372,8640,0,0,0,0.40,0,0,0,0,66,66,0.40,663747
p0493l00s000355.c,878236,16849,2169,179976,8727,0,0,0,0.41,0,0,0,0,68,68,0.41,670449
p0493l00s000538.c,862432,17365,1743,175853,8632,0,0,0,0.40,0,0,0,0,66,66,0.40,657683
p0493l00s000413.c,862789,16927,2104,176292,8725,0,0,0,0.40,0,0,0,0,67,67,0.40,668031
p0493l00s000200.c,859117,16837,2128,175518,8795,0,0,0,0.41,0,0,0,0,67,67,0.41,670765
p0493l00s000015.c,878302,17269,2442,179874,8772,0,0,0,0.42,0,0,0,0,69,69,0.42,687933
p0493l00s000260.c,871655,17183,2151,178494,8756,0,0,0,0.41,0,0,0,0,68,68,0.41,718265
p0493l00s000313.c,875665,16806,2080,179544,8552,0,0,0,0.41,0,0,0,0,69,69,0.41,678174
p0493l00s000105.c,879701,16903,2110,180335,8699,0,0,0,0.41,0,0,0,0,68,68,0.41,672783
p0493l00s000286.c,858966,17054,2126,175981,8790,0,0,0,0.40,0,0,0,0,67,67,0.41,674148
p0493l00s000112.c,880342,17028,2115,180542,8734,0,0,0,0.41,0,0,0,0,69,69,0.41,684181
p0493l00s000069.c,878829,17156,2145,180210,8740,0,0,0,0.41,0,0,0,0,68,68,0.41,661935
p0493l00s000201.c,867400,17018,2077,177094,8767,0,0,0,0.41,0,0,0,0,67,67,0.41,679130
p0493l00s000621.c,864299,17046,2139,177059,8662,0,0,0,0.40,0,0,0,0,67,67,0.40,672604
